{"cameraMode":{"drawMode":0,"name":"Shaded","section":"Shading Mode"},"sceneLighting":false,"audioPlay":false,"sceneViewState":{"m_AlwaysRefresh":false,"showFog":true,"showSkybox":false,"showFlares":true,"showImageEffects":true,"showParticleSystems":true,"showVisualEffectGraphs":true,"m_FxEnabled":true},"in2DMode":false,"pivot":{"x":2.257668972015381,"y":1.5939074754714966,"z":-0.16102659702301026},"rotation":{"x":0.06385109573602677,"y":0.9073613882064819,"z":-0.15007363259792329,"w":0.3876405358314514},"size":2.776625394821167,"orthographic":false}