{"cameraMode":{"drawMode":0,"name":"Shaded","section":"Shading Mode"},"sceneLighting":false,"audioPlay":false,"sceneViewState":{"m_AlwaysRefresh":false,"showFog":true,"showSkybox":false,"showFlares":true,"showImageEffects":true,"showParticleSystems":true,"showVisualEffectGraphs":true,"m_FxEnabled":true},"in2DMode":false,"pivot":{"x":1.794321060180664,"y":1.502214789390564,"z":0.3608475923538208},"rotation":{"x":0.004056197125464678,"y":0.9308760762214661,"z":-0.3651370108127594,"w":0.010348962619900704},"size":2.2167253494262697,"orthographic":false}