{"cameraMode":{"drawMode":0,"name":"Shaded","section":"Shading Mode"},"sceneLighting":true,"audioPlay":false,"sceneViewState":{"m_AlwaysRefresh":false,"showFog":true,"showSkybox":true,"showFlares":true,"showImageEffects":true,"showParticleSystems":true,"showVisualEffectGraphs":true,"m_FxEnabled":true},"in2DMode":false,"pivot":{"x":-10.212409973144532,"y":30.444608688354493,"z":-0.6879630088806152},"rotation":{"x":0.34334197640419009,"y":0.6540987491607666,"z":-0.5111616253852844,"w":0.43944254517555239},"size":8.317895889282227,"orthographic":false}