{"cameraMode":{"drawMode":0,"name":"Shaded","section":"Shading Mode"},"sceneLighting":true,"audioPlay":false,"sceneViewState":{"m_AlwaysRefresh":false,"showFog":true,"showSkybox":true,"showFlares":true,"showImageEffects":true,"showParticleSystems":true,"showVisualEffectGraphs":true,"m_FxEnabled":true},"in2DMode":false,"pivot":{"x":-10.563660621643067,"y":20.25975227355957,"z":18.071809768676759},"rotation":{"x":-0.0063778613694012169,"y":-0.936857283115387,"z":0.017163528129458429,"w":-0.34936365485191347},"size":0.7898368239402771,"orthographic":false}