{"cameraMode":{"drawMode":0,"name":"Shaded","section":"Shading Mode"},"sceneLighting":true,"audioPlay":false,"sceneViewState":{"m_AlwaysRefresh":false,"showFog":true,"showSkybox":true,"showFlares":true,"showImageEffects":true,"showParticleSystems":true,"showVisualEffectGraphs":true,"m_FxEnabled":true},"in2DMode":false,"pivot":{"x":-1.706556797027588,"y":4.660591125488281,"z":8.768003463745118},"rotation":{"x":0.00728577608242631,"y":-0.9633293151855469,"z":0.26692962646484377,"w":0.026297325268387796},"size":1.2247449159622193,"orthographic":false}