{"cameraMode":{"drawMode":0,"name":"Shaded","section":"Shading Mode"},"sceneLighting":true,"audioPlay":false,"sceneViewState":{"m_AlwaysRefresh":false,"showFog":true,"showSkybox":true,"showFlares":true,"showImageEffects":true,"showParticleSystems":true,"showVisualEffectGraphs":true,"m_FxEnabled":true},"in2DMode":false,"pivot":{"x":-7.526997089385986,"y":6.214390754699707,"z":17.854808807373048},"rotation":{"x":0.022456875070929529,"y":0.9775135517120361,"z":-0.15104661881923676,"w":0.1453542709350586},"size":1.9506359100341797,"orthographic":false}