{"cameraMode":{"drawMode":0,"name":"Shaded","section":"Shading Mode"},"sceneLighting":true,"audioPlay":false,"sceneViewState":{"m_AlwaysRefresh":false,"showFog":true,"showSkybox":true,"showFlares":true,"showImageEffects":true,"showParticleSystems":true,"showVisualEffectGraphs":true,"m_FxEnabled":true},"in2DMode":false,"pivot":{"x":-3.4930524826049806,"y":3.852614641189575,"z":1.4965616464614869},"rotation":{"x":0.09773410856723786,"y":0.7776655554771423,"z":-0.12495984137058258,"w":0.6083646416664124},"size":0.8642716407775879,"orthographic":false}